,Month,Forecast
0,202002,2.8318728200852545
1,202003,6.154794677747564
2,202004,9.693891642809554
3,202005,13.570724201824996
4,202006,18.24742635096657
5,202007,23.20316780222365
6,202008,28.99105730791739
7,202009,35.519617932580886
8,202010,43.59041697115966
9,202011,55.44932399209955
10,202012,73.74741385224834
11,202101,112.15514783413684
